{"blocks":[{"x":350,"y":30,"text":"начало","width":100,"height":30,"type":"Начало / конец","isMenuBlock":false,"fontSize":14,"textHeight":14,"isBold":false,"isItalic":false,"textAlign":"center","labelsPosition":1},{"x":350,"y":90,"text":"2*A","width":100,"height":40,"type":"Блок","isMenuBlock":false,"fontSize":18,"textHeight":18,"isBold":false,"isItalic":false,"textAlign":"center","labelsPosition":1},{"x":350,"y":150,"text":"OF","width":100,"height":40,"type":"Условие","isMenuBlock":false,"fontSize":17,"textHeight":17,"isBold":false,"isItalic":false,"textAlign":"center","labelsPosition":1},{"x":350,"y":210,"text":"(2*A) + A","width":100,"height":40,"type":"Блок","isMenuBlock":false,"fontSize":17,"textHeight":17,"isBold":false,"isItalic":false,"textAlign":"center","labelsPosition":1},{"x":350,"y":270,"text":"OF","width":100,"height":40,"type":"Условие","isMenuBlock":false,"fontSize":17,"textHeight":17,"isBold":false,"isItalic":false,"textAlign":"center","labelsPosition":1},{"x":350,"y":330,"text":"C/2","width":100,"height":40,"type":"Блок","isMenuBlock":false,"fontSize":18,"textHeight":18,"isBold":false,"isItalic":false,"textAlign":"center","labelsPosition":1},{"x":350,"y":390,"text":"3*A - C/2","width":100,"height":40,"type":"Блок","isMenuBlock":false,"fontSize":17,"textHeight":17,"isBold":false,"isItalic":false,"textAlign":"center","labelsPosition":1},{"x":350,"y":450,"text":"250 - (3*A - C/2)","width":100,"height":40,"type":"Блок","isMenuBlock":false,"fontSize":13,"textHeight":13,"isBold":false,"isItalic":false,"textAlign":"center","labelsPosition":1},{"x":490,"y":330,"text":"2 * A","width":100,"height":40,"type":"Блок","isMenuBlock":false,"fontSize":17,"textHeight":17,"isBold":false,"isItalic":false,"textAlign":"center","labelsPosition":1},{"x":490,"y":390,"text":"OF","width":100,"height":40,"type":"Условие","isMenuBlock":false,"fontSize":17,"textHeight":17,"isBold":false,"isItalic":false,"textAlign":"center","labelsPosition":1},{"x":490,"y":450,"text":"C/2","width":100,"height":40,"type":"Блок","isMenuBlock":false,"fontSize":17,"textHeight":17,"isBold":false,"isItalic":false,"textAlign":"center","labelsPosition":1},{"x":490,"y":510,"text":"2*A - C/2","width":100,"height":40,"type":"Блок","isMenuBlock":false,"fontSize":16,"textHeight":16,"isBold":false,"isItalic":false,"textAlign":"center","labelsPosition":1},{"x":490,"y":570,"text":"(2*A - C/2) + A","width":100,"height":40,"type":"Блок","isMenuBlock":false,"fontSize":14,"textHeight":14,"isBold":false,"isItalic":false,"textAlign":"center","labelsPosition":1},{"x":490,"y":630,"text":"OF","width":100,"height":40,"type":"Условие","isMenuBlock":false,"fontSize":16,"textHeight":16,"isBold":false,"isItalic":false,"textAlign":"center","labelsPosition":1},{"x":490,"y":690,"text":"250 - ((2*A - C/2) + A) ","width":100,"height":40,"type":"Блок","isMenuBlock":false,"fontSize":10,"textHeight":10,"isBold":false,"isItalic":false,"textAlign":"center","labelsPosition":1},{"x":630,"y":750,"text":"inc AVARIA","width":100,"height":40,"type":"Блок","isMenuBlock":false,"fontSize":14,"textHeight":14,"isBold":false,"isItalic":false,"textAlign":"center","labelsPosition":1},{"x":490,"y":820,"text":"inc GOOD","width":100,"height":40,"type":"Блок","isMenuBlock":false,"fontSize":14,"textHeight":14,"isBold":false,"isItalic":false,"textAlign":"center","labelsPosition":1},{"x":490,"y":750,"text":"OF","width":100,"height":40,"type":"Условие","isMenuBlock":false,"fontSize":14,"textHeight":14,"isBold":false,"isItalic":false,"textAlign":"center","labelsPosition":1},{"x":350,"y":510,"text":"OF","width":100,"height":40,"type":"Условие","isMenuBlock":false,"fontSize":14,"textHeight":14,"isBold":false,"isItalic":false,"textAlign":"center","labelsPosition":1},{"x":210,"y":900,"text":"конец","width":100,"height":30,"type":"Начало / конец","isMenuBlock":false,"fontSize":14,"textHeight":14,"isBold":false,"isItalic":false,"textAlign":"center","labelsPosition":1},{"x":350,"y":570,"text":"inc AVARIA","width":100,"height":40,"type":"Блок","isMenuBlock":false,"fontSize":14,"textHeight":14,"isBold":false,"isItalic":false,"textAlign":"center","labelsPosition":1},{"x":210,"y":570,"text":"inc GOOD","width":100,"height":40,"type":"Блок","isMenuBlock":false,"fontSize":14,"textHeight":14,"isBold":false,"isItalic":false,"textAlign":"center","labelsPosition":1}],"arrows":[{"startIndex":0,"endIndex":1,"startConnectorIndex":2,"endConnectorIndex":0,"nodes":[{"x":350,"y":45},{"x":350,"y":50},{"x":350,"y":70}],"counts":[1,1,1]},{"startIndex":1,"endIndex":2,"startConnectorIndex":2,"endConnectorIndex":0,"nodes":[{"x":350,"y":110},{"x":350,"y":110},{"x":350,"y":130}],"counts":[1,1,1]},{"startIndex":2,"endIndex":3,"startConnectorIndex":2,"endConnectorIndex":0,"nodes":[{"x":350,"y":170},{"x":350,"y":170},{"x":350,"y":190}],"counts":[1,1,1]},{"startIndex":3,"endIndex":4,"startConnectorIndex":2,"endConnectorIndex":0,"nodes":[{"x":350,"y":230},{"x":350,"y":230},{"x":350,"y":250}],"counts":[1,1,1]},{"startIndex":4,"endIndex":5,"startConnectorIndex":2,"endConnectorIndex":0,"nodes":[{"x":350,"y":290},{"x":350,"y":290},{"x":350,"y":310}],"counts":[1,1,1]},{"startIndex":5,"endIndex":6,"startConnectorIndex":2,"endConnectorIndex":0,"nodes":[{"x":350,"y":350},{"x":350,"y":350},{"x":350,"y":370}],"counts":[1,1,1]},{"startIndex":6,"endIndex":7,"startConnectorIndex":2,"endConnectorIndex":0,"nodes":[{"x":350,"y":410},{"x":350,"y":410},{"x":350,"y":430}],"counts":[1,1,1]},{"startIndex":4,"endIndex":8,"startConnectorIndex":1,"endConnectorIndex":0,"nodes":[{"x":400,"y":270},{"x":490,"y":270},{"x":490,"y":290},{"x":490,"y":310}],"counts":[1,1,1,1]},{"startIndex":8,"endIndex":9,"startConnectorIndex":2,"endConnectorIndex":0,"nodes":[{"x":490,"y":350},{"x":490,"y":350},{"x":490,"y":370}],"counts":[1,1,1]},{"startIndex":9,"endIndex":10,"startConnectorIndex":2,"endConnectorIndex":0,"nodes":[{"x":490,"y":410},{"x":490,"y":410},{"x":490,"y":430}],"counts":[1,1,1]},{"startIndex":10,"endIndex":11,"startConnectorIndex":2,"endConnectorIndex":0,"nodes":[{"x":490,"y":470},{"x":490,"y":470},{"x":490,"y":490}],"counts":[1,1,1]},{"startIndex":11,"endIndex":12,"startConnectorIndex":2,"endConnectorIndex":0,"nodes":[{"x":490,"y":530},{"x":490,"y":530},{"x":490,"y":550}],"counts":[1,1,1]},{"startIndex":12,"endIndex":13,"startConnectorIndex":2,"endConnectorIndex":0,"nodes":[{"x":490,"y":590},{"x":490,"y":590},{"x":490,"y":610}],"counts":[1,1,1]},{"startIndex":13,"endIndex":14,"startConnectorIndex":2,"endConnectorIndex":0,"nodes":[{"x":490,"y":650},{"x":490,"y":650},{"x":490,"y":670}],"counts":[1,1,1]},{"startIndex":16,"endIndex":19,"startConnectorIndex":2,"endConnectorIndex":1,"nodes":[{"x":490,"y":840},{"x":490,"y":900},{"x":280,"y":900},{"x":260,"y":900}],"counts":[1,1,1,1]},{"startIndex":2,"endIndex":15,"startConnectorIndex":1,"endConnectorIndex":0,"nodes":[{"x":400,"y":150},{"x":630,"y":150},{"x":630,"y":710},{"x":630,"y":730}],"counts":[1,1,1,1]},{"startIndex":9,"endIndex":15,"startConnectorIndex":1,"endConnectorIndex":0,"nodes":[{"x":540,"y":390},{"x":630,"y":390},{"x":630,"y":710},{"x":630,"y":730}],"counts":[1,1,1,1]},{"startIndex":13,"endIndex":15,"startConnectorIndex":1,"endConnectorIndex":0,"nodes":[{"x":540,"y":630},{"x":630,"y":630},{"x":630,"y":710},{"x":630,"y":730}],"counts":[1,1,1,1]},{"startIndex":15,"endIndex":19,"startConnectorIndex":2,"endConnectorIndex":1,"nodes":[{"x":630,"y":770},{"x":630,"y":900},{"x":280,"y":900},{"x":260,"y":900}],"counts":[1,1,1,1]},{"startIndex":14,"endIndex":17,"startConnectorIndex":2,"endConnectorIndex":0,"nodes":[{"x":490,"y":710},{"x":490,"y":710},{"x":490,"y":730}],"counts":[1,1,1]},{"startIndex":17,"endIndex":16,"startConnectorIndex":2,"endConnectorIndex":0,"nodes":[{"x":490,"y":770},{"x":490,"y":780},{"x":490,"y":800}],"counts":[1,1,1]},{"startIndex":17,"endIndex":15,"startConnectorIndex":1,"endConnectorIndex":3,"nodes":[{"x":540,"y":750},{"x":560,"y":750},{"x":580,"y":750}],"counts":[1,1,1]},{"startIndex":7,"endIndex":20,"startConnectorIndex":2,"endConnectorIndex":0,"nodes":[{"x":350,"y":470},{"x":350,"y":530},{"x":350,"y":550}],"counts":[1,1,1]},{"startIndex":18,"endIndex":20,"startConnectorIndex":2,"endConnectorIndex":0,"nodes":[{"x":350,"y":530},{"x":350,"y":530},{"x":350,"y":550}],"counts":[1,1,1]},{"startIndex":18,"endIndex":21,"startConnectorIndex":3,"endConnectorIndex":0,"nodes":[{"x":300,"y":510},{"x":210,"y":510},{"x":210,"y":530},{"x":210,"y":550}],"counts":[1,1,1,1]},{"startIndex":21,"endIndex":19,"startConnectorIndex":2,"endConnectorIndex":0,"nodes":[{"x":210,"y":590},{"x":210,"y":870},{"x":210,"y":885}],"counts":[1,1,1]},{"startIndex":20,"endIndex":19,"startConnectorIndex":2,"endConnectorIndex":0,"nodes":[{"x":350,"y":590},{"x":350,"y":900},{"x":210,"y":900},{"x":210,"y":885}],"counts":[1,1,1,1]}],"x0":169,"y0":-133}