{"blocks":[{"x":-460,"y":-200,"text":"начало","width":100,"height":30,"type":"Начало / конец","isMenuBlock":false,"fontSize":14,"textHeight":14,"isBold":false,"isItalic":false,"textAlign":"center","labelsPosition":1},{"x":-280,"y":-140,"text":"Person table [Max_SIZE]","width":170,"height":20,"type":"Текст / комментарий","isMenuBlock":false,"fontSize":14,"textHeight":14,"isBold":false,"isItalic":false,"textAlign":"left","labelsPosition":1},{"x":-460,"y":-140,"text":"","width":100,"height":40,"type":"Блок","isMenuBlock":false,"fontSize":14,"textHeight":14,"isBold":false,"isItalic":false,"textAlign":"center","labelsPosition":1},{"x":-460,"y":-80,"text":"int size","width":100,"height":40,"type":"Блок","isMenuBlock":false,"fontSize":14,"textHeight":14,"isBold":false,"isItalic":false,"textAlign":"center","labelsPosition":1},{"x":-460,"y":-20,"text":"ввод size","width":80,"height":40,"type":"Ввод / вывод","isMenuBlock":false,"fontSize":14,"textHeight":14,"isBold":false,"isItalic":false,"textAlign":"center","labelsPosition":1},{"x":-460,"y":50,"text":"","width":100,"height":40,"type":"Условие","isMenuBlock":false,"fontSize":14,"textHeight":14,"isBold":false,"isItalic":false,"textAlign":"center","labelsPosition":1},{"x":-290,"y":50,"text":"size > MAX_SIZE","width":130,"height":20,"type":"Текст / комментарий","isMenuBlock":false,"fontSize":14,"textHeight":14,"isBold":false,"isItalic":false,"textAlign":"left","labelsPosition":1},{"x":-460,"y":250,"text":"","width":100,"height":40,"type":"Подпрограмма","isMenuBlock":false,"fontSize":14,"textHeight":14,"isBold":false,"isItalic":false,"textAlign":"center","labelsPosition":1},{"x":-390,"y":100,"text":"вывод","width":60,"height":40,"type":"Ввод / вывод","isMenuBlock":false,"fontSize":14,"textHeight":14,"isBold":false,"isItalic":false,"textAlign":"center","labelsPosition":1},{"x":-460,"y":190,"text":"","width":100,"height":40,"type":"Подпрограмма","isMenuBlock":false,"fontSize":14,"textHeight":14,"isBold":false,"isItalic":false,"textAlign":"center","labelsPosition":1},{"x":160,"y":-140,"text":"i = 0;i<size;i++","width":100,"height":40,"type":"Цикл for","isMenuBlock":false,"fontSize":14,"textHeight":14,"isBold":false,"isItalic":false,"textAlign":"center","labelsPosition":1},{"x":160,"y":-80,"text":"вывод","width":80,"height":40,"type":"Ввод / вывод","isMenuBlock":false,"fontSize":14,"textHeight":14,"isBold":false,"isItalic":false,"textAlign":"center","labelsPosition":1},{"x":310,"y":-80,"text":"ввод table[i].name","width":130,"height":20,"type":"Текст / комментарий","isMenuBlock":false,"fontSize":14,"textHeight":14,"isBold":false,"isItalic":false,"textAlign":"left","labelsPosition":1},{"x":310,"y":-20,"text":"ввод table[i].minSize","width":140,"height":20,"type":"Текст / комментарий","isMenuBlock":false,"fontSize":14,"textHeight":14,"isBold":false,"isItalic":false,"textAlign":"left","labelsPosition":1},{"x":160,"y":-20,"text":"вывод","width":80,"height":40,"type":"Ввод / вывод","isMenuBlock":false,"fontSize":14,"textHeight":14,"isBold":false,"isItalic":false,"textAlign":"center","labelsPosition":1},{"x":320,"y":40,"text":"ввод table[i].maxSize","width":150,"height":20,"type":"Текст / комментарий","isMenuBlock":false,"fontSize":14,"textHeight":14,"isBold":false,"isItalic":false,"textAlign":"left","labelsPosition":1},{"x":160,"y":40,"text":"вывод","width":80,"height":40,"type":"Ввод / вывод","isMenuBlock":false,"fontSize":14,"textHeight":14,"isBold":false,"isItalic":false,"textAlign":"center","labelsPosition":1},{"x":160,"y":110,"text":"вывод","width":80,"height":40,"type":"Ввод / вывод","isMenuBlock":false,"fontSize":14,"textHeight":14,"isBold":false,"isItalic":false,"textAlign":"center","labelsPosition":1},{"x":300,"y":110,"text":"ввод table[i].age","width":120,"height":20,"type":"Текст / комментарий","isMenuBlock":false,"fontSize":14,"textHeight":14,"isBold":false,"isItalic":false,"textAlign":"left","labelsPosition":1},{"x":-280,"y":190,"text":"fillTable(Person table[], size);","width":190,"height":20,"type":"Текст / комментарий","isMenuBlock":false,"fontSize":14,"textHeight":14,"isBold":false,"isItalic":false,"textAlign":"left","labelsPosition":1},{"x":-270,"y":250,"text":"printTable(Person table[], int size","width":220,"height":20,"type":"Текст / комментарий","isMenuBlock":false,"fontSize":14,"textHeight":14,"isBold":false,"isItalic":false,"textAlign":"left","labelsPosition":1},{"x":160,"y":-200,"text":"начало\nfillTable","width":100,"height":30,"type":"Начало / конец","isMenuBlock":false,"fontSize":14,"textHeight":14,"isBold":false,"isItalic":false,"textAlign":"center","labelsPosition":1},{"x":160,"y":180,"text":"конец","width":100,"height":30,"type":"Начало / конец","isMenuBlock":false,"fontSize":14,"textHeight":14,"isBold":false,"isItalic":false,"textAlign":"center","labelsPosition":1},{"x":-120,"y":-140,"text":"","width":100,"height":40,"type":"Блок","isMenuBlock":false,"fontSize":14,"textHeight":14,"isBold":false,"isItalic":false,"textAlign":"center","labelsPosition":1},{"x":10,"y":-140,"text":"typedef struct{\nint N;\nchar name[10]\nint minSize;\nint maxSiz;\nint age;} Person:","width":120,"height":100,"type":"Текст / комментарий","isMenuBlock":false,"fontSize":14,"textHeight":14,"isBold":false,"isItalic":false,"textAlign":"left","labelsPosition":1},{"x":-120,"y":-200,"text":"начало","width":100,"height":30,"type":"Начало / конец","isMenuBlock":false,"fontSize":14,"textHeight":14,"isBold":false,"isItalic":false,"textAlign":"center","labelsPosition":1},{"x":-460,"y":310,"text":"конец","width":100,"height":30,"type":"Начало / конец","isMenuBlock":false,"fontSize":14,"textHeight":14,"isBold":false,"isItalic":false,"textAlign":"center","labelsPosition":1}],"arrows":[{"startIndex":0,"endIndex":2,"startConnectorIndex":2,"endConnectorIndex":0,"nodes":[{"x":-460,"y":-185},{"x":-460,"y":-180},{"x":-460,"y":-160}],"counts":[1,1,1]},{"startIndex":2,"endIndex":1,"startConnectorIndex":1,"endConnectorIndex":3,"nodes":[{"x":-410,"y":-140},{"x":-380,"y":-140},{"x":-365,"y":-140}],"counts":[1,1,1]},{"startIndex":2,"endIndex":3,"startConnectorIndex":2,"endConnectorIndex":0,"nodes":[{"x":-460,"y":-120},{"x":-460,"y":-120},{"x":-460,"y":-100}],"counts":[1,1,1]},{"startIndex":3,"endIndex":4,"startConnectorIndex":2,"endConnectorIndex":0,"nodes":[{"x":-460,"y":-60},{"x":-460,"y":-60},{"x":-460,"y":-40}],"counts":[1,1,1]},{"startIndex":4,"endIndex":5,"startConnectorIndex":2,"endConnectorIndex":0,"nodes":[{"x":-460,"y":0},{"x":-460,"y":10},{"x":-460,"y":30}],"counts":[1,1,1]},{"startIndex":5,"endIndex":6,"startConnectorIndex":1,"endConnectorIndex":3,"nodes":[{"x":-410,"y":50},{"x":-370,"y":50},{"x":-355,"y":50}],"counts":[1,1,1]},{"startIndex":5,"endIndex":9,"startConnectorIndex":3,"endConnectorIndex":0,"nodes":[{"x":-510,"y":50},{"x":-530,"y":50},{"x":-530,"y":150},{"x":-460,"y":150},{"x":-460,"y":170}],"counts":[1,1,1,1,1]},{"startIndex":5,"endIndex":8,"startConnectorIndex":1,"endConnectorIndex":0,"nodes":[{"x":-410,"y":50},{"x":-390,"y":50},{"x":-390,"y":60},{"x":-390,"y":80}],"counts":[1,1,1,1]},{"startIndex":9,"endIndex":7,"startConnectorIndex":2,"endConnectorIndex":0,"nodes":[{"x":-460,"y":210},{"x":-460,"y":210},{"x":-460,"y":230}],"counts":[1,1,1]},{"startIndex":7,"endIndex":20,"startConnectorIndex":1,"endConnectorIndex":3,"nodes":[{"x":-410,"y":250},{"x":-400,"y":250},{"x":-380,"y":250}],"counts":[1,1,1]},{"startIndex":8,"endIndex":9,"startConnectorIndex":2,"endConnectorIndex":0,"nodes":[{"x":-390,"y":120},{"x":-390,"y":150},{"x":-460,"y":150},{"x":-460,"y":170}],"counts":[1,1,1,1]},{"startIndex":9,"endIndex":19,"startConnectorIndex":1,"endConnectorIndex":3,"nodes":[{"x":-410,"y":190},{"x":-390,"y":190},{"x":-375,"y":190}],"counts":[1,1,1]},{"startIndex":21,"endIndex":10,"startConnectorIndex":2,"endConnectorIndex":0,"nodes":[{"x":160,"y":-185},{"x":160,"y":-180},{"x":160,"y":-160}],"counts":[1,1,1]},{"startIndex":10,"endIndex":11,"startConnectorIndex":2,"endConnectorIndex":0,"nodes":[{"x":160,"y":-120},{"x":160,"y":-120},{"x":160,"y":-100}],"counts":[1,1,1]},{"startIndex":10,"endIndex":22,"startConnectorIndex":1,"endConnectorIndex":1,"nodes":[{"x":210,"y":-140},{"x":410,"y":-140},{"x":410,"y":180},{"x":230,"y":180},{"x":210,"y":180}],"counts":[1,1,1,1,1]},{"startIndex":11,"endIndex":12,"startConnectorIndex":1,"endConnectorIndex":3,"nodes":[{"x":200,"y":-80},{"x":230,"y":-80},{"x":245,"y":-80}],"counts":[1,1,1]},{"startIndex":11,"endIndex":14,"startConnectorIndex":2,"endConnectorIndex":0,"nodes":[{"x":160,"y":-60},{"x":160,"y":-60},{"x":160,"y":-40}],"counts":[1,1,1]},{"startIndex":14,"endIndex":13,"startConnectorIndex":1,"endConnectorIndex":3,"nodes":[{"x":200,"y":-20},{"x":220,"y":-20},{"x":240,"y":-20}],"counts":[1,1,1]},{"startIndex":14,"endIndex":16,"startConnectorIndex":2,"endConnectorIndex":0,"nodes":[{"x":160,"y":0},{"x":160,"y":0},{"x":160,"y":20}],"counts":[1,1,1]},{"startIndex":16,"endIndex":15,"startConnectorIndex":1,"endConnectorIndex":3,"nodes":[{"x":200,"y":40},{"x":230,"y":40},{"x":245,"y":40}],"counts":[1,1,1]},{"startIndex":16,"endIndex":17,"startConnectorIndex":2,"endConnectorIndex":0,"nodes":[{"x":160,"y":60},{"x":160,"y":70},{"x":160,"y":90}],"counts":[1,1,1]},{"startIndex":23,"endIndex":24,"startConnectorIndex":1,"endConnectorIndex":3,"nodes":[{"x":-70,"y":-140},{"x":-70,"y":-140},{"x":-50,"y":-140}],"counts":[1,1,1]},{"startIndex":17,"endIndex":18,"startConnectorIndex":1,"endConnectorIndex":3,"nodes":[{"x":200,"y":110},{"x":220,"y":110},{"x":240,"y":110}],"counts":[1,1,1]},{"startIndex":17,"endIndex":10,"startConnectorIndex":3,"endConnectorIndex":3,"nodes":[{"x":120,"y":110},{"x":80,"y":110},{"x":80,"y":-140},{"x":90,"y":-140},{"x":110,"y":-140}],"counts":[1,1,1,1,1]},{"startIndex":1,"endIndex":23,"startConnectorIndex":1,"endConnectorIndex":3,"nodes":[{"x":-195,"y":-140},{"x":-190,"y":-140},{"x":-170,"y":-140}],"counts":[1,1,1]},{"startIndex":25,"endIndex":23,"startConnectorIndex":2,"endConnectorIndex":0,"nodes":[{"x":-120,"y":-185},{"x":-120,"y":-180},{"x":-120,"y":-160}],"counts":[1,1,1]},{"startIndex":7,"endIndex":26,"startConnectorIndex":2,"endConnectorIndex":0,"nodes":[{"x":-460,"y":270},{"x":-460,"y":280},{"x":-460,"y":295}],"counts":[1,1,1]}],"x0":800,"y0":269.5}