{"blocks":[{"x":-480,"y":-200,"text":"начало","width":100,"height":30,"type":"Начало / конец","isMenuBlock":false,"fontSize":14,"textHeight":14,"isBold":false,"isItalic":false,"textAlign":"center","labelsPosition":1},{"x":-480,"y":-140,"text":"","width":100,"height":40,"type":"Блок","isMenuBlock":false,"fontSize":14,"textHeight":14,"isBold":false,"isItalic":false,"textAlign":"center","labelsPosition":1},{"x":-480,"y":40,"text":"","width":100,"height":40,"type":"Подпрограмма","isMenuBlock":false,"fontSize":14,"textHeight":14,"isBold":false,"isItalic":false,"textAlign":"center","labelsPosition":1},{"x":-480,"y":-20,"text":"","width":100,"height":40,"type":"Подпрограмма","isMenuBlock":false,"fontSize":14,"textHeight":14,"isBold":false,"isItalic":false,"textAlign":"center","labelsPosition":1},{"x":290,"y":-80,"text":"ввод table[i].name","width":130,"height":20,"type":"Текст / комментарий","isMenuBlock":false,"fontSize":14,"textHeight":14,"isBold":false,"isItalic":false,"textAlign":"left","labelsPosition":1},{"x":140,"y":-200,"text":"начало\nfillTable","width":100,"height":30,"type":"Начало / конец","isMenuBlock":false,"fontSize":14,"textHeight":14,"isBold":false,"isItalic":false,"textAlign":"center","labelsPosition":1},{"x":-320,"y":-140,"text":"Person table [mes]","width":130,"height":20,"type":"Текст / комментарий","isMenuBlock":false,"fontSize":14,"textHeight":14,"isBold":false,"isItalic":false,"textAlign":"left","labelsPosition":1},{"x":-180,"y":-160,"text":"","width":100,"height":40,"type":"Блок","isMenuBlock":false,"fontSize":14,"textHeight":14,"isBold":false,"isItalic":false,"textAlign":"center","labelsPosition":1},{"x":-330,"y":-20,"text":"fillTable(table, size)","width":130,"height":20,"type":"Текст / комментарий","isMenuBlock":false,"fontSize":14,"textHeight":14,"isBold":false,"isItalic":false,"textAlign":"left","labelsPosition":1},{"x":-325,"y":40,"text":"printTable(table, size)","width":150,"height":20,"type":"Текст / комментарий","isMenuBlock":false,"fontSize":14,"textHeight":14,"isBold":false,"isItalic":false,"textAlign":"left","labelsPosition":1},{"x":140,"y":-80,"text":"","width":80,"height":40,"type":"Ввод / вывод","isMenuBlock":false,"fontSize":14,"textHeight":14,"isBold":false,"isItalic":false,"textAlign":"center","labelsPosition":1},{"x":140,"y":-20,"text":"вывод","width":80,"height":40,"type":"Ввод / вывод","isMenuBlock":false,"fontSize":14,"textHeight":14,"isBold":false,"isItalic":false,"textAlign":"center","labelsPosition":1},{"x":305,"y":-20,"text":"ввод table[i].size.minSize","width":170,"height":20,"type":"Текст / комментарий","isMenuBlock":false,"fontSize":14,"textHeight":14,"isBold":false,"isItalic":false,"textAlign":"left","labelsPosition":1},{"x":140,"y":40,"text":"вывод","width":80,"height":40,"type":"Ввод / вывод","isMenuBlock":false,"fontSize":14,"textHeight":14,"isBold":false,"isItalic":false,"textAlign":"center","labelsPosition":1},{"x":315,"y":40,"text":"ввод table[i].size.maxSize","width":180,"height":20,"type":"Текст / комментарий","isMenuBlock":false,"fontSize":14,"textHeight":14,"isBold":false,"isItalic":false,"textAlign":"left","labelsPosition":1},{"x":280,"y":110,"text":"ввод table[i].age","width":120,"height":20,"type":"Текст / комментарий","isMenuBlock":false,"fontSize":14,"textHeight":14,"isBold":false,"isItalic":false,"textAlign":"left","labelsPosition":1},{"x":140,"y":110,"text":"вывод","width":80,"height":40,"type":"Ввод / вывод","isMenuBlock":false,"fontSize":14,"textHeight":14,"isBold":false,"isItalic":false,"textAlign":"center","labelsPosition":1},{"x":140,"y":170,"text":"конец","width":100,"height":30,"type":"Начало / конец","isMenuBlock":false,"fontSize":14,"textHeight":14,"isBold":false,"isItalic":false,"textAlign":"center","labelsPosition":1},{"x":-420,"y":590,"text":"начало\nprintTable","width":100,"height":30,"type":"Начало / конец","isMenuBlock":false,"fontSize":14,"textHeight":14,"isBold":false,"isItalic":false,"textAlign":"center","labelsPosition":1},{"x":-205,"y":650,"text":"вывод заголовка таблицы к варианту 1","width":270,"height":20,"type":"Текст / комментарий","isMenuBlock":false,"fontSize":14,"textHeight":14,"isBold":false,"isItalic":false,"textAlign":"left","labelsPosition":1},{"x":-420,"y":650,"text":"","width":80,"height":40,"type":"Ввод / вывод","isMenuBlock":false,"fontSize":14,"textHeight":14,"isBold":false,"isItalic":false,"textAlign":"center","labelsPosition":1},{"x":140,"y":-140,"text":"i = 0;i<size;i++","width":100,"height":40,"type":"Цикл for","isMenuBlock":false,"fontSize":14,"textHeight":14,"isBold":false,"isItalic":false,"textAlign":"center","labelsPosition":1},{"x":-420,"y":720,"text":"i = 0;i<size;i++","width":100,"height":40,"type":"Цикл for","isMenuBlock":false,"fontSize":14,"textHeight":14,"isBold":false,"isItalic":false,"textAlign":"center","labelsPosition":1},{"x":-420,"y":790,"text":"","width":80,"height":40,"type":"Ввод / вывод","isMenuBlock":false,"fontSize":14,"textHeight":14,"isBold":false,"isItalic":false,"textAlign":"center","labelsPosition":1},{"x":-50,"y":-160,"text":"struct Person{\nint N;\nchar name[10];\n    struct rt {\nint minSize;\nint maxSiz;\n} size;\nint age;} Person:","width":120,"height":120,"type":"Текст / комментарий","isMenuBlock":false,"fontSize":14,"textHeight":14,"isBold":false,"isItalic":false,"textAlign":"left","labelsPosition":1},{"x":-270,"y":790,"text":"вывод table[i].name","width":140,"height":20,"type":"Текст / комментарий","isMenuBlock":false,"fontSize":14,"textHeight":14,"isBold":false,"isItalic":false,"textAlign":"left","labelsPosition":1},{"x":-480,"y":-80,"text":"size = 5","width":100,"height":40,"type":"Блок","isMenuBlock":false,"fontSize":14,"textHeight":14,"isBold":false,"isItalic":false,"textAlign":"center","labelsPosition":1},{"x":-420,"y":860,"text":"","width":80,"height":40,"type":"Ввод / вывод","isMenuBlock":false,"fontSize":14,"textHeight":14,"isBold":false,"isItalic":false,"textAlign":"center","labelsPosition":1},{"x":-420,"y":930,"text":"","width":80,"height":40,"type":"Ввод / вывод","isMenuBlock":false,"fontSize":14,"textHeight":14,"isBold":false,"isItalic":false,"textAlign":"center","labelsPosition":1},{"x":-420,"y":1000,"text":"","width":80,"height":40,"type":"Ввод / вывод","isMenuBlock":false,"fontSize":14,"textHeight":14,"isBold":false,"isItalic":false,"textAlign":"center","labelsPosition":1},{"x":-250,"y":860,"text":"вывод table[i].size.minSize","width":180,"height":20,"type":"Текст / комментарий","isMenuBlock":false,"fontSize":14,"textHeight":14,"isBold":false,"isItalic":false,"textAlign":"left","labelsPosition":1},{"x":-245,"y":930,"text":"вывод table[i].size.maxSize","width":190,"height":20,"type":"Текст / комментарий","isMenuBlock":false,"fontSize":14,"textHeight":14,"isBold":false,"isItalic":false,"textAlign":"left","labelsPosition":1},{"x":-275,"y":1000,"text":"вывод table[i].age","width":130,"height":20,"type":"Текст / комментарий","isMenuBlock":false,"fontSize":14,"textHeight":14,"isBold":false,"isItalic":false,"textAlign":"left","labelsPosition":1},{"x":-420,"y":1070,"text":"","width":80,"height":40,"type":"Ввод / вывод","isMenuBlock":false,"fontSize":14,"textHeight":14,"isBold":false,"isItalic":false,"textAlign":"center","labelsPosition":1},{"x":-235,"y":1070,"text":"вывод нижней границы строки","width":210,"height":20,"type":"Текст / комментарий","isMenuBlock":false,"fontSize":14,"textHeight":14,"isBold":false,"isItalic":false,"textAlign":"left","labelsPosition":1},{"x":-420,"y":1130,"text":"конец","width":100,"height":30,"type":"Начало / конец","isMenuBlock":false,"fontSize":14,"textHeight":14,"isBold":false,"isItalic":false,"textAlign":"center","labelsPosition":1},{"x":-480,"y":100,"text":"","width":100,"height":40,"type":"Блок","isMenuBlock":false,"fontSize":14,"textHeight":14,"isBold":false,"isItalic":false,"textAlign":"center","labelsPosition":1},{"x":-340,"y":100,"text":"struct Person tmp","width":120,"height":20,"type":"Текст / комментарий","isMenuBlock":false,"fontSize":14,"textHeight":14,"isBold":false,"isItalic":false,"textAlign":"left","labelsPosition":1},{"x":-480,"y":160,"text":"tmp = table[0]","width":100,"height":40,"type":"Блок","isMenuBlock":false,"fontSize":14,"textHeight":14,"isBold":false,"isItalic":false,"textAlign":"center","labelsPosition":1},{"x":-480,"y":220,"text":"table[0]=table[4]","width":100,"height":40,"type":"Блок","isMenuBlock":false,"fontSize":14,"textHeight":14,"isBold":false,"isItalic":false,"textAlign":"center","labelsPosition":1},{"x":-480,"y":280,"text":"table[4] = tmp","width":100,"height":40,"type":"Блок","isMenuBlock":false,"fontSize":14,"textHeight":14,"isBold":false,"isItalic":false,"textAlign":"center","labelsPosition":1},{"x":-480,"y":340,"text":"","width":100,"height":40,"type":"Подпрограмма","isMenuBlock":false,"fontSize":14,"textHeight":14,"isBold":false,"isItalic":false,"textAlign":"center","labelsPosition":1},{"x":-320,"y":340,"text":"printTable(table, size)","width":150,"height":20,"type":"Текст / комментарий","isMenuBlock":false,"fontSize":14,"textHeight":14,"isBold":false,"isItalic":false,"textAlign":"left","labelsPosition":1},{"x":-480,"y":400,"text":"конец","width":100,"height":30,"type":"Начало / конец","isMenuBlock":false,"fontSize":14,"textHeight":14,"isBold":false,"isItalic":false,"textAlign":"center","labelsPosition":1}],"arrows":[{"startIndex":0,"endIndex":1,"startConnectorIndex":2,"endConnectorIndex":0,"nodes":[{"x":-480,"y":-185},{"x":-480,"y":-180},{"x":-480,"y":-160}],"counts":[1,1,1]},{"startIndex":1,"endIndex":6,"startConnectorIndex":1,"endConnectorIndex":3,"nodes":[{"x":-430,"y":-140},{"x":-400,"y":-140},{"x":-385,"y":-140}],"counts":[1,1,1]},{"startIndex":1,"endIndex":26,"startConnectorIndex":2,"endConnectorIndex":0,"nodes":[{"x":-480,"y":-120},{"x":-480,"y":-120},{"x":-480,"y":-100}],"counts":[1,1,1]},{"startIndex":5,"endIndex":21,"startConnectorIndex":2,"endConnectorIndex":0,"nodes":[{"x":140,"y":-185},{"x":140,"y":-180},{"x":140,"y":-160}],"counts":[1,1,1]},{"startIndex":21,"endIndex":10,"startConnectorIndex":2,"endConnectorIndex":0,"nodes":[{"x":140,"y":-120},{"x":140,"y":-120},{"x":140,"y":-100}],"counts":[1,1,1]},{"startIndex":3,"endIndex":8,"startConnectorIndex":1,"endConnectorIndex":3,"nodes":[{"x":-430,"y":-20},{"x":-410,"y":-20},{"x":-395,"y":-20}],"counts":[1,1,1]},{"startIndex":2,"endIndex":9,"startConnectorIndex":1,"endConnectorIndex":3,"nodes":[{"x":-430,"y":40},{"x":-420,"y":40},{"x":-400,"y":40}],"counts":[1,1,1]},{"startIndex":3,"endIndex":2,"startConnectorIndex":2,"endConnectorIndex":0,"nodes":[{"x":-480,"y":0},{"x":-480,"y":0},{"x":-480,"y":20}],"counts":[1,1,1]},{"startIndex":26,"endIndex":3,"startConnectorIndex":2,"endConnectorIndex":0,"nodes":[{"x":-480,"y":-60},{"x":-480,"y":-60},{"x":-480,"y":-40}],"counts":[1,1,1]},{"startIndex":10,"endIndex":4,"startConnectorIndex":1,"endConnectorIndex":3,"nodes":[{"x":180,"y":-80},{"x":210,"y":-80},{"x":225,"y":-80}],"counts":[1,1,1]},{"startIndex":16,"endIndex":21,"startConnectorIndex":3,"endConnectorIndex":3,"nodes":[{"x":100,"y":110},{"x":60,"y":110},{"x":60,"y":-140},{"x":70,"y":-140},{"x":90,"y":-140}],"counts":[1,1,1,1,1]},{"startIndex":21,"endIndex":17,"startConnectorIndex":1,"endConnectorIndex":1,"nodes":[{"x":190,"y":-140},{"x":420,"y":-140},{"x":420,"y":170},{"x":210,"y":170},{"x":190,"y":170}],"counts":[1,1,1,1,1]},{"startIndex":16,"endIndex":15,"startConnectorIndex":1,"endConnectorIndex":3,"nodes":[{"x":180,"y":110},{"x":200,"y":110},{"x":220,"y":110}],"counts":[1,1,1]},{"startIndex":13,"endIndex":14,"startConnectorIndex":1,"endConnectorIndex":3,"nodes":[{"x":180,"y":40},{"x":210,"y":40},{"x":225,"y":40}],"counts":[1,1,1]},{"startIndex":13,"endIndex":16,"startConnectorIndex":2,"endConnectorIndex":0,"nodes":[{"x":140,"y":60},{"x":140,"y":70},{"x":140,"y":90}],"counts":[1,1,1]},{"startIndex":10,"endIndex":11,"startConnectorIndex":2,"endConnectorIndex":0,"nodes":[{"x":140,"y":-60},{"x":140,"y":-60},{"x":140,"y":-40}],"counts":[1,1,1]},{"startIndex":11,"endIndex":12,"startConnectorIndex":1,"endConnectorIndex":3,"nodes":[{"x":180,"y":-20},{"x":200,"y":-20},{"x":220,"y":-20}],"counts":[1,1,1]},{"startIndex":11,"endIndex":13,"startConnectorIndex":2,"endConnectorIndex":0,"nodes":[{"x":140,"y":0},{"x":140,"y":0},{"x":140,"y":20}],"counts":[1,1,1]},{"startIndex":16,"endIndex":17,"startConnectorIndex":2,"endConnectorIndex":0,"nodes":[{"x":140,"y":130},{"x":140,"y":140},{"x":140,"y":155}],"counts":[1,1,1]},{"startIndex":7,"endIndex":24,"startConnectorIndex":1,"endConnectorIndex":3,"nodes":[{"x":-130,"y":-160},{"x":-130,"y":-160},{"x":-110,"y":-160}],"counts":[1,1,1]},{"startIndex":2,"endIndex":36,"startConnectorIndex":2,"endConnectorIndex":0,"nodes":[{"x":-480,"y":60},{"x":-480,"y":60},{"x":-480,"y":80}],"counts":[1,1,1]},{"startIndex":36,"endIndex":37,"startConnectorIndex":1,"endConnectorIndex":3,"nodes":[{"x":-430,"y":100},{"x":-420,"y":100},{"x":-400,"y":100}],"counts":[1,1,1]},{"startIndex":36,"endIndex":38,"startConnectorIndex":2,"endConnectorIndex":0,"nodes":[{"x":-480,"y":120},{"x":-480,"y":120},{"x":-480,"y":140}],"counts":[1,1,1]},{"startIndex":38,"endIndex":39,"startConnectorIndex":2,"endConnectorIndex":0,"nodes":[{"x":-480,"y":180},{"x":-480,"y":180},{"x":-480,"y":200}],"counts":[1,1,1]},{"startIndex":39,"endIndex":40,"startConnectorIndex":2,"endConnectorIndex":0,"nodes":[{"x":-480,"y":240},{"x":-480,"y":240},{"x":-480,"y":260}],"counts":[1,1,1]},{"startIndex":41,"endIndex":42,"startConnectorIndex":1,"endConnectorIndex":3,"nodes":[{"x":-430,"y":340},{"x":-410,"y":340},{"x":-395,"y":340}],"counts":[1,1,1]},{"startIndex":40,"endIndex":41,"startConnectorIndex":2,"endConnectorIndex":0,"nodes":[{"x":-480,"y":300},{"x":-480,"y":300},{"x":-480,"y":320}],"counts":[1,1,1]},{"startIndex":33,"endIndex":35,"startConnectorIndex":2,"endConnectorIndex":0,"nodes":[{"x":-420,"y":1090},{"x":-420,"y":1100},{"x":-420,"y":1115}],"counts":[1,1,1]},{"startIndex":33,"endIndex":34,"startConnectorIndex":1,"endConnectorIndex":3,"nodes":[{"x":-380,"y":1070},{"x":-360,"y":1070},{"x":-340,"y":1070}],"counts":[1,1,1]},{"startIndex":29,"endIndex":33,"startConnectorIndex":2,"endConnectorIndex":0,"nodes":[{"x":-420,"y":1020},{"x":-420,"y":1030},{"x":-420,"y":1050}],"counts":[1,1,1]},{"startIndex":29,"endIndex":32,"startConnectorIndex":1,"endConnectorIndex":3,"nodes":[{"x":-380,"y":1000},{"x":-360,"y":1000},{"x":-340,"y":1000}],"counts":[1,1,1]},{"startIndex":28,"endIndex":29,"startConnectorIndex":2,"endConnectorIndex":0,"nodes":[{"x":-420,"y":950},{"x":-420,"y":960},{"x":-420,"y":980}],"counts":[1,1,1]},{"startIndex":27,"endIndex":28,"startConnectorIndex":2,"endConnectorIndex":0,"nodes":[{"x":-420,"y":880},{"x":-420,"y":890},{"x":-420,"y":910}],"counts":[1,1,1]},{"startIndex":28,"endIndex":31,"startConnectorIndex":1,"endConnectorIndex":3,"nodes":[{"x":-380,"y":930},{"x":-360,"y":930},{"x":-340,"y":930}],"counts":[1,1,1]},{"startIndex":23,"endIndex":27,"startConnectorIndex":2,"endConnectorIndex":0,"nodes":[{"x":-420,"y":810},{"x":-420,"y":820},{"x":-420,"y":840}],"counts":[1,1,1]},{"startIndex":27,"endIndex":30,"startConnectorIndex":1,"endConnectorIndex":3,"nodes":[{"x":-380,"y":860},{"x":-360,"y":860},{"x":-340,"y":860}],"counts":[1,1,1]},{"startIndex":22,"endIndex":23,"startConnectorIndex":2,"endConnectorIndex":0,"nodes":[{"x":-420,"y":740},{"x":-420,"y":750},{"x":-420,"y":770}],"counts":[1,1,1]},{"startIndex":23,"endIndex":25,"startConnectorIndex":1,"endConnectorIndex":3,"nodes":[{"x":-380,"y":790},{"x":-360,"y":790},{"x":-340,"y":790}],"counts":[1,1,1]},{"startIndex":20,"endIndex":22,"startConnectorIndex":2,"endConnectorIndex":0,"nodes":[{"x":-420,"y":670},{"x":-420,"y":680},{"x":-420,"y":700}],"counts":[1,1,1]},{"startIndex":20,"endIndex":19,"startConnectorIndex":1,"endConnectorIndex":3,"nodes":[{"x":-380,"y":650},{"x":-360,"y":650},{"x":-340,"y":650}],"counts":[1,1,1]},{"startIndex":18,"endIndex":20,"startConnectorIndex":2,"endConnectorIndex":0,"nodes":[{"x":-420,"y":605},{"x":-420,"y":610},{"x":-420,"y":630}],"counts":[1,1,1]},{"startIndex":41,"endIndex":43,"startConnectorIndex":2,"endConnectorIndex":0,"nodes":[{"x":-480,"y":360},{"x":-480,"y":370},{"x":-480,"y":385}],"counts":[1,1,1]}],"x0":766.5,"y0":-353.5}