{"blocks":[{"x":-460,"y":-200,"text":"начало","width":100,"height":30,"type":"Начало / конец","isMenuBlock":false,"fontSize":14,"textHeight":14,"isBold":false,"isItalic":false,"textAlign":"center","labelsPosition":1},{"x":-460,"y":-140,"text":"","width":100,"height":40,"type":"Блок","isMenuBlock":false,"fontSize":14,"textHeight":14,"isBold":false,"isItalic":false,"textAlign":"center","labelsPosition":1},{"x":-460,"y":-80,"text":"int size","width":100,"height":40,"type":"Блок","isMenuBlock":false,"fontSize":14,"textHeight":14,"isBold":false,"isItalic":false,"textAlign":"center","labelsPosition":1},{"x":-460,"y":40,"text":"","width":100,"height":40,"type":"Подпрограмма","isMenuBlock":false,"fontSize":14,"textHeight":14,"isBold":false,"isItalic":false,"textAlign":"center","labelsPosition":1},{"x":-460,"y":-20,"text":"","width":100,"height":40,"type":"Подпрограмма","isMenuBlock":false,"fontSize":14,"textHeight":14,"isBold":false,"isItalic":false,"textAlign":"center","labelsPosition":1},{"x":160,"y":-140,"text":"i = 0;i<size;i++","width":100,"height":40,"type":"Цикл for","isMenuBlock":false,"fontSize":14,"textHeight":14,"isBold":false,"isItalic":false,"textAlign":"center","labelsPosition":1},{"x":310,"y":-80,"text":"ввод table[i].name","width":130,"height":20,"type":"Текст / комментарий","isMenuBlock":false,"fontSize":14,"textHeight":14,"isBold":false,"isItalic":false,"textAlign":"left","labelsPosition":1},{"x":160,"y":-200,"text":"начало\nfillTable","width":100,"height":30,"type":"Начало / конец","isMenuBlock":false,"fontSize":14,"textHeight":14,"isBold":false,"isItalic":false,"textAlign":"center","labelsPosition":1},{"x":-460,"y":100,"text":"конец","width":100,"height":30,"type":"Начало / конец","isMenuBlock":false,"fontSize":14,"textHeight":14,"isBold":false,"isItalic":false,"textAlign":"center","labelsPosition":1},{"x":-300,"y":-140,"text":"Person table [mes]","width":130,"height":20,"type":"Текст / комментарий","isMenuBlock":false,"fontSize":14,"textHeight":14,"isBold":false,"isItalic":false,"textAlign":"left","labelsPosition":1},{"x":-160,"y":-160,"text":"","width":100,"height":40,"type":"Блок","isMenuBlock":false,"fontSize":14,"textHeight":14,"isBold":false,"isItalic":false,"textAlign":"center","labelsPosition":1},{"x":-30,"y":-150,"text":"struct Person{\nint N;\nchar name[10];\n    struct rt {\nint minSize;\nint maxSiz;\n} size;\nint age;} Person:","width":120,"height":120,"type":"Текст / комментарий","isMenuBlock":false,"fontSize":14,"textHeight":14,"isBold":false,"isItalic":false,"textAlign":"left","labelsPosition":1},{"x":-310,"y":-20,"text":"fillTable(table, size)","width":130,"height":20,"type":"Текст / комментарий","isMenuBlock":false,"fontSize":14,"textHeight":14,"isBold":false,"isItalic":false,"textAlign":"left","labelsPosition":1},{"x":-305,"y":40,"text":"printTable(table, size)","width":150,"height":20,"type":"Текст / комментарий","isMenuBlock":false,"fontSize":14,"textHeight":14,"isBold":false,"isItalic":false,"textAlign":"left","labelsPosition":1},{"x":160,"y":-80,"text":"","width":80,"height":40,"type":"Ввод / вывод","isMenuBlock":false,"fontSize":14,"textHeight":14,"isBold":false,"isItalic":false,"textAlign":"center","labelsPosition":1},{"x":160,"y":-20,"text":"","width":80,"height":40,"type":"Ввод / вывод","isMenuBlock":false,"fontSize":14,"textHeight":14,"isBold":false,"isItalic":false,"textAlign":"center","labelsPosition":1},{"x":310,"y":-20,"text":"вывод table[i].name","width":140,"height":20,"type":"Текст / комментарий","isMenuBlock":false,"fontSize":14,"textHeight":14,"isBold":false,"isItalic":false,"textAlign":"left","labelsPosition":1},{"x":160,"y":40,"text":"","width":80,"height":40,"type":"Ввод / вывод","isMenuBlock":false,"fontSize":14,"textHeight":14,"isBold":false,"isItalic":false,"textAlign":"center","labelsPosition":1},{"x":330,"y":40,"text":"ввод table[i].size.minSize","width":170,"height":20,"type":"Текст / комментарий","isMenuBlock":false,"fontSize":14,"textHeight":14,"isBold":false,"isItalic":false,"textAlign":"left","labelsPosition":1},{"x":330,"y":110,"text":"вывод table[i].size.minSize","width":180,"height":20,"type":"Текст / комментарий","isMenuBlock":false,"fontSize":14,"textHeight":14,"isBold":false,"isItalic":false,"textAlign":"left","labelsPosition":1},{"x":335,"y":230,"text":"вывод table[i].size.maxSize","width":190,"height":20,"type":"Текст / комментарий","isMenuBlock":false,"fontSize":14,"textHeight":14,"isBold":false,"isItalic":false,"textAlign":"left","labelsPosition":1},{"x":160,"y":110,"text":"","width":80,"height":40,"type":"Ввод / вывод","isMenuBlock":false,"fontSize":14,"textHeight":14,"isBold":false,"isItalic":false,"textAlign":"center","labelsPosition":1},{"x":160,"y":170,"text":"","width":80,"height":40,"type":"Ввод / вывод","isMenuBlock":false,"fontSize":14,"textHeight":14,"isBold":false,"isItalic":false,"textAlign":"center","labelsPosition":1},{"x":160,"y":230,"text":"","width":80,"height":40,"type":"Ввод / вывод","isMenuBlock":false,"fontSize":14,"textHeight":14,"isBold":false,"isItalic":false,"textAlign":"center","labelsPosition":1},{"x":335,"y":170,"text":"ввод table[i].size.maxSize","width":180,"height":20,"type":"Текст / комментарий","isMenuBlock":false,"fontSize":14,"textHeight":14,"isBold":false,"isItalic":false,"textAlign":"left","labelsPosition":1},{"x":160,"y":290,"text":"","width":80,"height":40,"type":"Ввод / вывод","isMenuBlock":false,"fontSize":14,"textHeight":14,"isBold":false,"isItalic":false,"textAlign":"center","labelsPosition":1},{"x":160,"y":350,"text":"","width":80,"height":40,"type":"Ввод / вывод","isMenuBlock":false,"fontSize":14,"textHeight":14,"isBold":false,"isItalic":false,"textAlign":"center","labelsPosition":1},{"x":300,"y":290,"text":"ввод table[i].age","width":120,"height":20,"type":"Текст / комментарий","isMenuBlock":false,"fontSize":14,"textHeight":14,"isBold":false,"isItalic":false,"textAlign":"left","labelsPosition":1},{"x":310,"y":350,"text":"вывод table[i].age","width":130,"height":20,"type":"Текст / комментарий","isMenuBlock":false,"fontSize":14,"textHeight":14,"isBold":false,"isItalic":false,"textAlign":"left","labelsPosition":1},{"x":160,"y":460,"text":"начало","width":100,"height":30,"type":"Начало / конец","isMenuBlock":false,"fontSize":14,"textHeight":14,"isBold":false,"isItalic":false,"textAlign":"center","labelsPosition":1}],"arrows":[{"startIndex":0,"endIndex":1,"startConnectorIndex":2,"endConnectorIndex":0,"nodes":[{"x":-460,"y":-185},{"x":-460,"y":-180},{"x":-460,"y":-160}],"counts":[1,1,1]},{"startIndex":1,"endIndex":9,"startConnectorIndex":1,"endConnectorIndex":3,"nodes":[{"x":-410,"y":-140},{"x":-380,"y":-140},{"x":-365,"y":-140}],"counts":[1,1,1]},{"startIndex":1,"endIndex":2,"startConnectorIndex":2,"endConnectorIndex":0,"nodes":[{"x":-460,"y":-120},{"x":-460,"y":-120},{"x":-460,"y":-100}],"counts":[1,1,1]},{"startIndex":7,"endIndex":5,"startConnectorIndex":2,"endConnectorIndex":0,"nodes":[{"x":160,"y":-185},{"x":160,"y":-180},{"x":160,"y":-160}],"counts":[1,1,1]},{"startIndex":5,"endIndex":14,"startConnectorIndex":2,"endConnectorIndex":0,"nodes":[{"x":160,"y":-120},{"x":160,"y":-120},{"x":160,"y":-100}],"counts":[1,1,1]},{"startIndex":14,"endIndex":15,"startConnectorIndex":2,"endConnectorIndex":0,"nodes":[{"x":160,"y":-60},{"x":160,"y":-60},{"x":160,"y":-40}],"counts":[1,1,1]},{"startIndex":15,"endIndex":16,"startConnectorIndex":1,"endConnectorIndex":3,"nodes":[{"x":200,"y":-20},{"x":220,"y":-20},{"x":240,"y":-20}],"counts":[1,1,1]},{"startIndex":15,"endIndex":17,"startConnectorIndex":2,"endConnectorIndex":0,"nodes":[{"x":160,"y":0},{"x":160,"y":0},{"x":160,"y":20}],"counts":[1,1,1]},{"startIndex":17,"endIndex":21,"startConnectorIndex":2,"endConnectorIndex":0,"nodes":[{"x":160,"y":60},{"x":160,"y":70},{"x":160,"y":90}],"counts":[1,1,1]},{"startIndex":21,"endIndex":19,"startConnectorIndex":1,"endConnectorIndex":3,"nodes":[{"x":200,"y":110},{"x":220,"y":110},{"x":240,"y":110}],"counts":[1,1,1]},{"startIndex":3,"endIndex":8,"startConnectorIndex":2,"endConnectorIndex":0,"nodes":[{"x":-460,"y":60},{"x":-460,"y":70},{"x":-460,"y":85}],"counts":[1,1,1]},{"startIndex":4,"endIndex":12,"startConnectorIndex":1,"endConnectorIndex":3,"nodes":[{"x":-410,"y":-20},{"x":-390,"y":-20},{"x":-375,"y":-20}],"counts":[1,1,1]},{"startIndex":3,"endIndex":13,"startConnectorIndex":1,"endConnectorIndex":3,"nodes":[{"x":-410,"y":40},{"x":-400,"y":40},{"x":-380,"y":40}],"counts":[1,1,1]},{"startIndex":4,"endIndex":3,"startConnectorIndex":2,"endConnectorIndex":0,"nodes":[{"x":-460,"y":0},{"x":-460,"y":0},{"x":-460,"y":20}],"counts":[1,1,1]},{"startIndex":2,"endIndex":4,"startConnectorIndex":2,"endConnectorIndex":0,"nodes":[{"x":-460,"y":-60},{"x":-460,"y":-60},{"x":-460,"y":-40}],"counts":[1,1,1]},{"startIndex":17,"endIndex":18,"startConnectorIndex":1,"endConnectorIndex":3,"nodes":[{"x":200,"y":40},{"x":230,"y":40},{"x":245,"y":40}],"counts":[1,1,1]},{"startIndex":22,"endIndex":23,"startConnectorIndex":2,"endConnectorIndex":0,"nodes":[{"x":160,"y":190},{"x":160,"y":190},{"x":160,"y":210}],"counts":[1,1,1]},{"startIndex":23,"endIndex":20,"startConnectorIndex":1,"endConnectorIndex":3,"nodes":[{"x":200,"y":230},{"x":220,"y":230},{"x":240,"y":230}],"counts":[1,1,1]},{"startIndex":21,"endIndex":22,"startConnectorIndex":2,"endConnectorIndex":0,"nodes":[{"x":160,"y":130},{"x":160,"y":130},{"x":160,"y":150}],"counts":[1,1,1]},{"startIndex":22,"endIndex":24,"startConnectorIndex":1,"endConnectorIndex":3,"nodes":[{"x":200,"y":170},{"x":230,"y":170},{"x":245,"y":170}],"counts":[1,1,1]},{"startIndex":14,"endIndex":6,"startConnectorIndex":1,"endConnectorIndex":3,"nodes":[{"x":200,"y":-80},{"x":230,"y":-80},{"x":245,"y":-80}],"counts":[1,1,1]},{"startIndex":23,"endIndex":25,"startConnectorIndex":2,"endConnectorIndex":0,"nodes":[{"x":160,"y":250},{"x":160,"y":250},{"x":160,"y":270}],"counts":[1,1,1]},{"startIndex":26,"endIndex":28,"startConnectorIndex":1,"endConnectorIndex":3,"nodes":[{"x":200,"y":350},{"x":230,"y":350},{"x":245,"y":350}],"counts":[1,1,1]},{"startIndex":25,"endIndex":26,"startConnectorIndex":2,"endConnectorIndex":0,"nodes":[{"x":160,"y":310},{"x":160,"y":310},{"x":160,"y":330}],"counts":[1,1,1]},{"startIndex":25,"endIndex":27,"startConnectorIndex":1,"endConnectorIndex":3,"nodes":[{"x":200,"y":290},{"x":220,"y":290},{"x":240,"y":290}],"counts":[1,1,1]},{"startIndex":26,"endIndex":5,"startConnectorIndex":2,"endConnectorIndex":3,"nodes":[{"x":160,"y":370},{"x":160,"y":400},{"x":70,"y":400},{"x":70,"y":-140},{"x":90,"y":-140},{"x":110,"y":-140}],"counts":[1,1,1,1,1,1]},{"startIndex":10,"endIndex":11,"startConnectorIndex":1,"endConnectorIndex":3,"nodes":[{"x":-110,"y":-160},{"x":-90,"y":-160},{"x":-90,"y":-150},{"x":-90,"y":-150}],"counts":[1,1,1,1]},{"startIndex":5,"endIndex":29,"startConnectorIndex":1,"endConnectorIndex":0,"nodes":[{"x":210,"y":-140},{"x":440,"y":-140},{"x":440,"y":430},{"x":160,"y":430},{"x":160,"y":445}],"counts":[1,1,1,1,1]}],"x0":766.5,"y0":246.5}